<?xml version="1.0" encoding="UTF-8" standalone="no"?> 
<part_info part_name="xc7a100tcsg324-1">
<pins>
  <pin index="0" name ="acl_miso_i" iostandard="LVCMOS33" loc="E15"/>
  <pin index="1" name ="acl_mosi_i" iostandard="LVCMOS33" loc="F14"/>
  <pin index="2" name ="acl_sclk_i" iostandard="LVCMOS33" loc="F15"/>
  <pin index="3" name ="acl_ss_i" iostandard="LVCMOS33" loc="D15"/>
  <pin index="4" name ="clk" iostandard="LVCMOS33" loc="E3"/>
  <pin index="5" name ="dip_switches_16bits_tri_i_0" iostandard="LVCMOS33" loc="J15"/>
  <pin index="6" name ="dip_switches_16bits_tri_i_1" iostandard="LVCMOS33" loc="L16"/>
  <pin index="7" name ="dip_switches_16bits_tri_i_2" iostandard="LVCMOS33" loc="M13"/>
  <pin index="8" name ="dip_switches_16bits_tri_i_3" iostandard="LVCMOS33" loc="R15"/>
  <pin index="9" name ="dip_switches_16bits_tri_i_4" iostandard="LVCMOS33" loc="R17"/>
  <pin index="10" name ="dip_switches_16bits_tri_i_5" iostandard="LVCMOS33" loc="T18"/>
  <pin index="11" name ="dip_switches_16bits_tri_i_6" iostandard="LVCMOS33" loc="U18"/>
  <pin index="12" name ="dip_switches_16bits_tri_i_7" iostandard="LVCMOS33" loc="R13"/>
  <pin index="13" name ="dip_switches_16bits_tri_i_8" iostandard="LVCMOS18" loc="T8"/>
  <pin index="14" name ="dip_switches_16bits_tri_i_9" iostandard="LVCMOS18" loc="U8"/>
  <pin index="15" name ="dip_switches_16bits_tri_i_10" iostandard="LVCMOS33" loc="R16"/>
  <pin index="16" name ="dip_switches_16bits_tri_i_11" iostandard="LVCMOS33" loc="T13"/>
  <pin index="17" name ="dip_switches_16bits_tri_i_12" iostandard="LVCMOS33" loc="H6"/>
  <pin index="18" name ="dip_switches_16bits_tri_i_13" iostandard="LVCMOS33" loc="U12"/>
  <pin index="19" name ="dip_switches_16bits_tri_i_14" iostandard="LVCMOS33" loc="U11"/>
  <pin index="20" name ="dip_switches_16bits_tri_i_15" iostandard="LVCMOS33" loc="V10"/>
  <pin index="21" name ="dual_seven_seg_led_disp_tri_o_0" iostandard="LVCMOS33" loc="T10"/>
  <pin index="22" name ="dual_seven_seg_led_disp_tri_o_1" iostandard="LVCMOS33" loc="R10"/>
  <pin index="23" name ="dual_seven_seg_led_disp_tri_o_2" iostandard="LVCMOS33" loc="K16"/>
  <pin index="24" name ="dual_seven_seg_led_disp_tri_o_3" iostandard="LVCMOS33" loc="K13"/>
  <pin index="25" name ="dual_seven_seg_led_disp_tri_o_4" iostandard="LVCMOS33" loc="P15"/>
  <pin index="26" name ="dual_seven_seg_led_disp_tri_o_5" iostandard="LVCMOS33" loc="T11"/>
  <pin index="27" name ="dual_seven_seg_led_disp_tri_o_6" iostandard="LVCMOS33" loc="L18"/>
  <pin index="28" name ="dual_seven_seg_led_disp_tri_o_7" iostandard="LVCMOS33" loc="H15"/>
  <pin index="29" name ="eth_mdc" iostandard="LVCMOS33" loc="C9"/>
  <pin index="30" name ="eth_mdio_i" iostandard="LVCMOS33" loc="A9"/>
  <pin index="31" name ="eth_rmii_crs_dv" iostandard="LVCMOS33" loc="D9"/>
  <pin index="32" name ="eth_rmii_rxd_0" iostandard="LVCMOS33" loc="C11"/>
  <pin index="33" name ="eth_rmii_rxd_1" iostandard="LVCMOS33" loc="D10"/>
  <pin index="34" name ="eth_rmii_rx_er" iostandard="LVCMOS33" loc="C10"/>
  <pin index="35" name ="eth_rmii_txd_0" iostandard="LVCMOS33" loc="A10"/>
  <pin index="36" name ="eth_rmii_txd_1" iostandard="LVCMOS33" loc="A8"/>
  <pin index="37" name ="eth_rmii_tx_en" iostandard="LVCMOS33" loc="B9"/>
  <pin index="38" name ="led_16bits_tri_o_0" iostandard="LVCMOS33" loc="H17"/>
  <pin index="39" name ="led_16bits_tri_o_1" iostandard="LVCMOS33" loc="K15"/>
  <pin index="40" name ="led_16bits_tri_o_2" iostandard="LVCMOS33" loc="J13"/>
  <pin index="41" name ="led_16bits_tri_o_3" iostandard="LVCMOS33" loc="N14"/>
  <pin index="42" name ="led_16bits_tri_o_4" iostandard="LVCMOS33" loc="R18"/>
  <pin index="43" name ="led_16bits_tri_o_5" iostandard="LVCMOS33" loc="V17"/>
  <pin index="44" name ="led_16bits_tri_o_6" iostandard="LVCMOS33" loc="U17"/>
  <pin index="45" name ="led_16bits_tri_o_7" iostandard="LVCMOS33" loc="U16"/>
  <pin index="46" name ="led_16bits_tri_o_8" iostandard="LVCMOS33" loc="V16"/>
  <pin index="47" name ="led_16bits_tri_o_9" iostandard="LVCMOS33" loc="T15"/>
  <pin index="48" name ="led_16bits_tri_o_10" iostandard="LVCMOS33" loc="U14"/>
  <pin index="49" name ="led_16bits_tri_o_11" iostandard="LVCMOS33" loc="T16"/>
  <pin index="50" name ="led_16bits_tri_o_12" iostandard="LVCMOS33" loc="V15"/>
  <pin index="51" name ="led_16bits_tri_o_13" iostandard="LVCMOS33" loc="V14"/>
  <pin index="52" name ="led_16bits_tri_o_14" iostandard="LVCMOS33" loc="V12"/>
  <pin index="53" name ="led_16bits_tri_o_15" iostandard="LVCMOS33" loc="V11"/>
  <pin index="54" name ="push_buttons_5bits_tri_i_0" iostandard="LVCMOS33" loc="N17"/>
  <pin index="55" name ="push_buttons_5bits_tri_i_1" iostandard="LVCMOS33" loc="M18"/>
  <pin index="56" name ="push_buttons_5bits_tri_i_2" iostandard="LVCMOS33" loc="P17"/>
  <pin index="57" name ="push_buttons_5bits_tri_i_3" iostandard="LVCMOS33" loc="M17"/>
  <pin index="58" name ="push_buttons_5bits_tri_i_4" iostandard="LVCMOS33" loc="P18"/>
  <pin index="59" name ="qspi_csn_i" iostandard="LVCMOS33" loc="L13"/>
  <pin index="60" name ="qspi_db0_i" iostandard="LVCMOS33" loc="K17"/>
  <pin index="61" name ="qspi_db1_i" iostandard="LVCMOS33" loc="K18"/>
  <pin index="62" name ="qspi_db2_i" iostandard="LVCMOS33" loc="L14"/>
  <pin index="63" name ="qspi_db3_i" iostandard="LVCMOS33" loc="M14"/>
  <pin index="64" name ="reset" iostandard="LVCMOS33" loc="C12"/>
  <pin index="65" name ="rgb_led_tri_o_0" iostandard="LVCMOS33" loc="N15"/>
  <pin index="66" name ="rgb_led_tri_o_1" iostandard="LVCMOS33" loc="M16"/>
  <pin index="67" name ="rgb_led_tri_o_2" iostandard="LVCMOS33" loc="R12"/>
  <pin index="68" name ="rgb_led_tri_o_3" iostandard="LVCMOS33" loc="N16"/>
  <pin index="69" name ="rgb_led_tri_o_4" iostandard="LVCMOS33" loc="R11"/>
  <pin index="70" name ="rgb_led_tri_o_5" iostandard="LVCMOS33" loc="G14"/>
  <pin index="71" name ="seven_seg_led_an_tri_o_0" iostandard="LVCMOS33" loc="J17"/>
  <pin index="72" name ="seven_seg_led_an_tri_o_1" iostandard="LVCMOS33" loc="J18"/>
  <pin index="73" name ="seven_seg_led_an_tri_o_2" iostandard="LVCMOS33" loc="T9"/>
  <pin index="74" name ="seven_seg_led_an_tri_o_3" iostandard="LVCMOS33" loc="J14"/>
  <pin index="75" name ="seven_seg_led_an_tri_o_4" iostandard="LVCMOS33" loc="P14"/>
  <pin index="76" name ="seven_seg_led_an_tri_o_5" iostandard="LVCMOS33" loc="T14"/>
  <pin index="77" name ="seven_seg_led_an_tri_o_6" iostandard="LVCMOS33" loc="K2"/>
  <pin index="78" name ="seven_seg_led_an_tri_o_7" iostandard="LVCMOS33" loc="U13"/>
  <pin index="79" name ="temp_scl_i" iostandard="LVCMOS33" loc="C14"/>
  <pin index="80" name ="temp_sda_i" iostandard="LVCMOS33" loc="C15"/>
  <pin index="81" name ="usb_uart_rxd" iostandard="LVCMOS33" loc="C4"/>
  <pin index="82" name ="usb_uart_txd" iostandard="LVCMOS33" loc="D4"/>
</pins>
</part_info>
