<?xml version="1.0" encoding="UTF-8" standalone="no"?> 
<part_info part_name="xc7a35tcsg324-2L">
<pins>
  <pin index="0" name ="clk" iostandard="LVCMOS33" loc="E3"/>
  <pin index="1" name ="dip_switches_4bits_tri_i_0" iostandard="LVCMOS33" loc="A8"/>
  <pin index="2" name ="dip_switches_4bits_tri_i_1" iostandard="LVCMOS33" loc="C11"/>
  <pin index="3" name ="dip_switches_4bits_tri_i_2" iostandard="LVCMOS33" loc="C10"/>
  <pin index="4" name ="dip_switches_4bits_tri_i_3" iostandard="LVCMOS33" loc="A10"/>
  <pin index="5" name ="eth_col" iostandard="LVCMOS33" loc="D17"/>
  <pin index="6" name ="eth_crs" iostandard="LVCMOS33" loc="G14"/>
  <pin index="7" name ="eth_mdc" iostandard="LVCMOS33" loc="F16"/>
  <pin index="8" name ="eth_mdio_i" iostandard="LVCMOS33" loc="K13"/>
  <pin index="9" name ="eth_rstn" iostandard="LVCMOS33" loc="C16"/>
  <pin index="10" name ="eth_rxd_0" iostandard="LVCMOS33" loc="D18"/>
  <pin index="11" name ="eth_rxd_1" iostandard="LVCMOS33" loc="E17"/>
  <pin index="12" name ="eth_rxd_2" iostandard="LVCMOS33" loc="E18"/>
  <pin index="13" name ="eth_rxd_3" iostandard="LVCMOS33" loc="G17"/>
  <pin index="14" name ="eth_rx_clk" iostandard="LVCMOS33" loc="F15"/>
  <pin index="15" name ="eth_rx_dv" iostandard="LVCMOS33" loc="G16"/>
  <pin index="16" name ="eth_rx_er" iostandard="LVCMOS33" loc="C17"/>
  <pin index="17" name ="eth_txd_0" iostandard="LVCMOS33" loc="H14"/>
  <pin index="18" name ="eth_txd_1" iostandard="LVCMOS33" loc="J14"/>
  <pin index="19" name ="eth_txd_2" iostandard="LVCMOS33" loc="J13"/>
  <pin index="20" name ="eth_txd_3" iostandard="LVCMOS33" loc="H17"/>
  <pin index="21" name ="eth_tx_clk" iostandard="LVCMOS33" loc="H16"/>
  <pin index="22" name ="eth_tx_en" iostandard="LVCMOS33" loc="H15"/>
  <pin index="23" name ="i2c_pullup_0" iostandard="LVCMOS33" loc="A14"/>
  <pin index="24" name ="i2c_pullup_1" iostandard="LVCMOS33" loc="A13"/>
  <pin index="25" name ="i2c_scl_i" iostandard="LVCMOS33" loc="L18"/>
  <pin index="26" name ="i2c_sda_i" iostandard="LVCMOS33" loc="M18"/>
  <pin index="27" name ="led_4bits_tri_o_0" iostandard="LVCMOS33" loc="H5"/>
  <pin index="28" name ="led_4bits_tri_o_1" iostandard="LVCMOS33" loc="J5"/>
  <pin index="29" name ="led_4bits_tri_o_2" iostandard="LVCMOS33" loc="T9"/>
  <pin index="30" name ="led_4bits_tri_o_3" iostandard="LVCMOS33" loc="T10"/>
  <pin index="31" name ="push_buttons_4bits_tri_i_0" iostandard="LVCMOS33" loc="D9"/>
  <pin index="32" name ="push_buttons_4bits_tri_i_1" iostandard="LVCMOS33" loc="C9"/>
  <pin index="33" name ="push_buttons_4bits_tri_i_2" iostandard="LVCMOS33" loc="B9"/>
  <pin index="34" name ="push_buttons_4bits_tri_i_3" iostandard="LVCMOS33" loc="B8"/>
  <pin index="35" name ="qspi_csn_i" iostandard="LVCMOS33" loc="L13"/>
  <pin index="36" name ="qspi_db0_i" iostandard="LVCMOS33" loc="K17"/>
  <pin index="37" name ="qspi_db1_i" iostandard="LVCMOS33" loc="K18"/>
  <pin index="38" name ="qspi_db2_i" iostandard="LVCMOS33" loc="L14"/>
  <pin index="39" name ="qspi_db3_i" iostandard="LVCMOS33" loc="M14"/>
  <pin index="40" name ="qspi_sclk_i" iostandard="LVCMOS33" loc="L16"/>
  <pin index="41" name ="reset" iostandard="LVCMOS33" loc="C2"/>
  <pin index="42" name ="rgb_led_tri_o_0" iostandard="LVCMOS33" loc="E1"/>
  <pin index="43" name ="rgb_led_tri_o_1" iostandard="LVCMOS33" loc="F6"/>
  <pin index="44" name ="rgb_led_tri_o_2" iostandard="LVCMOS33" loc="G6"/>
  <pin index="45" name ="rgb_led_tri_o_3" iostandard="LVCMOS33" loc="G4"/>
  <pin index="46" name ="rgb_led_tri_o_4" iostandard="LVCMOS33" loc="J4"/>
  <pin index="47" name ="rgb_led_tri_o_5" iostandard="LVCMOS33" loc="G3"/>
  <pin index="48" name ="rgb_led_tri_o_6" iostandard="LVCMOS33" loc="H4"/>
  <pin index="49" name ="rgb_led_tri_o_7" iostandard="LVCMOS33" loc="J2"/>
  <pin index="50" name ="rgb_led_tri_o_8" iostandard="LVCMOS33" loc="J3"/>
  <pin index="51" name ="rgb_led_tri_o_9" iostandard="LVCMOS33" loc="K2"/>
  <pin index="52" name ="rgb_led_tri_o_10" iostandard="LVCMOS33" loc="H6"/>
  <pin index="53" name ="rgb_led_tri_o_11" iostandard="LVCMOS33" loc="K1"/>
  <pin index="54" name ="shield_dp0_dp19_tri_i_0" iostandard="LVCMOS33" loc="V15"/>
  <pin index="55" name ="shield_dp0_dp19_tri_i_1" iostandard="LVCMOS33" loc="U16"/>
  <pin index="56" name ="shield_dp0_dp19_tri_i_2" iostandard="LVCMOS33" loc="P14"/>
  <pin index="57" name ="shield_dp0_dp19_tri_i_3" iostandard="LVCMOS33" loc="T11"/>
  <pin index="58" name ="shield_dp0_dp19_tri_i_4" iostandard="LVCMOS33" loc="R12"/>
  <pin index="59" name ="shield_dp0_dp19_tri_i_5" iostandard="LVCMOS33" loc="T14"/>
  <pin index="60" name ="shield_dp0_dp19_tri_i_6" iostandard="LVCMOS33" loc="T15"/>
  <pin index="61" name ="shield_dp0_dp19_tri_i_7" iostandard="LVCMOS33" loc="T16"/>
  <pin index="62" name ="shield_dp0_dp19_tri_i_8" iostandard="LVCMOS33" loc="N15"/>
  <pin index="63" name ="shield_dp0_dp19_tri_i_9" iostandard="LVCMOS33" loc="M16"/>
  <pin index="64" name ="shield_dp0_dp19_tri_i_10" iostandard="LVCMOS33" loc="V17"/>
  <pin index="65" name ="shield_dp0_dp19_tri_i_11" iostandard="LVCMOS33" loc="U18"/>
  <pin index="66" name ="shield_dp0_dp19_tri_i_12" iostandard="LVCMOS33" loc="R17"/>
  <pin index="67" name ="shield_dp0_dp19_tri_i_13" iostandard="LVCMOS33" loc="P17"/>
  <pin index="68" name ="shield_dp0_dp19_tri_i_14" iostandard="LVCMOS33" loc="F5"/>
  <pin index="69" name ="shield_dp0_dp19_tri_i_15" iostandard="LVCMOS33" loc="D8"/>
  <pin index="70" name ="shield_dp0_dp19_tri_i_16" iostandard="LVCMOS33" loc="C7"/>
  <pin index="71" name ="shield_dp0_dp19_tri_i_17" iostandard="LVCMOS33" loc="E7"/>
  <pin index="72" name ="shield_dp0_dp19_tri_i_18" iostandard="LVCMOS33" loc="D7"/>
  <pin index="73" name ="shield_dp0_dp19_tri_i_19" iostandard="LVCMOS33" loc="D5"/>
  <pin index="74" name ="shield_dp26_dp41_tri_i_0" iostandard="LVCMOS33" loc="U11"/>
  <pin index="75" name ="shield_dp26_dp41_tri_i_1" iostandard="LVCMOS33" loc="V16"/>
  <pin index="76" name ="shield_dp26_dp41_tri_i_2" iostandard="LVCMOS33" loc="M13"/>
  <pin index="77" name ="shield_dp26_dp41_tri_i_3" iostandard="LVCMOS33" loc="R10"/>
  <pin index="78" name ="shield_dp26_dp41_tri_i_4" iostandard="LVCMOS33" loc="R11"/>
  <pin index="79" name ="shield_dp26_dp41_tri_i_5" iostandard="LVCMOS33" loc="R13"/>
  <pin index="80" name ="shield_dp26_dp41_tri_i_6" iostandard="LVCMOS33" loc="R15"/>
  <pin index="81" name ="shield_dp26_dp41_tri_i_7" iostandard="LVCMOS33" loc="P15"/>
  <pin index="82" name ="shield_dp26_dp41_tri_i_8" iostandard="LVCMOS33" loc="R16"/>
  <pin index="83" name ="shield_dp26_dp41_tri_i_9" iostandard="LVCMOS33" loc="N16"/>
  <pin index="84" name ="shield_dp26_dp41_tri_i_10" iostandard="LVCMOS33" loc="N14"/>
  <pin index="85" name ="shield_dp26_dp41_tri_i_11" iostandard="LVCMOS33" loc="U17"/>
  <pin index="86" name ="shield_dp26_dp41_tri_i_12" iostandard="LVCMOS33" loc="T18"/>
  <pin index="87" name ="shield_dp26_dp41_tri_i_13" iostandard="LVCMOS33" loc="R18"/>
  <pin index="88" name ="shield_dp26_dp41_tri_i_14" iostandard="LVCMOS33" loc="P18"/>
  <pin index="89" name ="shield_dp26_dp41_tri_i_15" iostandard="LVCMOS33" loc="N17"/>
  <pin index="90" name ="spi_miso_i" iostandard="LVCMOS33" loc="G1"/>
  <pin index="91" name ="spi_mosi_i" iostandard="LVCMOS33" loc="H1"/>
  <pin index="92" name ="spi_sclk_i" iostandard="LVCMOS33" loc="F1"/>
  <pin index="93" name ="spi_ss_i" iostandard="LVCMOS33" loc="C1"/>
  <pin index="94" name ="usb_uart_rxd" iostandard="LVCMOS33" loc="A9"/>
  <pin index="95" name ="usb_uart_txd" iostandard="LVCMOS33" loc="D10"/>
</pins>
</part_info>
